Days,Blaine,Residue90,Residue45,NC%,L0I%,SO3%,C3S%,C2S%,C3A%,LSF%,Moisture%,ClinkerLiter,ClinkerFeedTemp,Water,CementTemp,GADosage,CementStrength
28,3179.369657,1.04137421,10.9316044,29.24587477,2.313675106,2.625776436,58.0984972,11.05933645,7.340370746,95.10380189,0.141109361,1343.539365,154.3651975,1544.130401,101.6987259,463.8434985,942.3264108
1,3397.782985,1.438330743,14.18745395,29.49574321,2.694677192,2.476712982,57.80996424,12.35084042,7.940448506,95.38223742,0.172192923,1339.596159,169.7886353,1820.044492,100.5541589,452.3031532,1000.986096
28,3070.370101,1.275793936,11.66073206,28.06973032,2.349188323,2.48470214,56.72960224,11.08970714,7.082715462,95.62016908,0.138480362,1366.930861,161.4887351,2259.730528,103.3114649,496.5412037,1051.875345
28,3007.230145,1.082417131,11.55722132,29.78984288,2.392452365,2.593840635,56.57594761,11.90119404,7.930887372,96.46344947,0.148937645,1389.18931,152.7577054,1191.22852,107.6597157,483.0399265,886.6807097
1,3197.557486,1.205627558,11.1369781,29.72025363,2.320678735,2.701701418,58.85928863,12.85885339,7.82671466,96.28127119,0.142960859,1330.605146,163.7752508,2200.309522,104.1367868,487.3181442,1048.364489
1,3071.529084,1.388801142,13.03947197,28.9148642,2.556001187,2.647799101,55.43212305,11.33040788,7.129929925,95.83188781,0.174062615,1355.187714,167.9548713,2294.513569,106.5297292,465.578587,1045.556658
28,3146.587514,1.240185041,11.89652849,28.78233953,2.389880471,2.518942019,56.18392155,11.77974471,7.564984358,96.51813788,0.18629724,1378.940942,164.9035899,1226.031231,105.796191,492.2826761,906.3550449
7,3297.668209,1.492643025,13.72124826,28.54591875,2.372004175,2.572134871,58.66224366,12.45972062,7.866547982,96.21926202,0.153188908,1341.621806,151.5287972,2277.391479,100.2221848,462.9801642,1065.248192
28,3288.37597,1.188369485,11.02789904,28.95335366,2.335422234,2.468265903,57.74160292,12.76451711,7.571809164,96.7920816,0.178943219,1316.811813,167.9176836,2487.180352,109.8853999,450.0821879,1083.699792
28,3123.224317,1.37478915,13.93894944,28.08875333,2.341323583,2.429851926,55.63994104,12.34188601,7.907199822,96.6360535,0.129678668,1347.495097,165.8785877,2090.258247,100.4142809,468.8207481,1020.585954
28,3217.016092,1.196494724,13.01860766,29.70438707,2.53386828,2.713078416,59.41067807,11.51634651,7.942983817,95.50562721,0.154136961,1305.522252,153.166078,2177.154523,109.6780274,478.538074,1036.738093
28,3203.525631,1.41458211,10.5713365,28.07084474,2.575283146,2.506154964,56.96723923,12.34921571,7.422384522,95.54287716,0.134522995,1394.238345,151.0357178,2491.622901,105.4986418,473.9352429,1099.281773
1,3254.533047,1.284540735,12.07252292,28.65810273,2.458951595,2.471106555,59.13934188,11.59345528,7.377313661,95.25071295,0.141420093,1307.482121,161.1462115,1908.221876,109.6315903,493.1038071,1003.809833
28,3100.184727,1.031755915,14.3175907,29.86317898,2.491958833,2.676647222,58.93856508,12.43685846,7.936321154,95.67392945,0.173241386,1343.845672,153.1207162,1461.829573,101.147536,455.2702643,921.3749281
7,3235.948339,1.018410934,14.61480116,29.47042531,2.574387094,2.64722067,58.12212723,12.90806626,7.675140061,96.99908784,0.188166248,1352.988126,166.6918191,2256.296251,104.9040852,477.691172,1060.267736
1,3391.557143,1.066926059,12.32850061,28.56278192,2.306951916,2.65327585,57.47240566,12.4427869,7.116022681,95.81150234,0.112149539,1398.530383,157.1666931,1921.728666,101.6950409,475.6489675,1034.009474
7,3194.696861,1.006835982,12.40418489,28.50529819,2.429252263,2.491557842,59.8977542,12.72576101,7.042291749,95.44097687,0.163463926,1316.602182,168.2578489,1871.793136,100.5097488,464.0696491,987.3976126
7,3362.439515,1.03767953,14.59227362,28.01016428,2.689239099,2.493058215,55.72482536,11.00420769,7.564629051,96.52496577,0.158214381,1311.443152,161.3137634,1380.453333,106.1752912,491.1114056,937.3327522
7,3173.757746,1.345857199,12.93534112,29.39142859,2.532044892,2.488321052,58.62577864,12.43514425,7.930170965,96.08494201,0.111841504,1300.870615,153.6534477,2134.501404,102.0778342,487.6424328,1028.974423
7,3140.031363,1.267173138,10.16423335,28.09756716,2.401689832,2.469501038,55.95595351,12.65917511,7.844248702,95.2992029,0.121189433,1315.557144,152.7919773,1122.500914,105.8769702,486.6429594,876.5705965
1,3258.041345,1.374955375,14.56374731,29.06520504,2.508692019,2.662289469,56.69131553,11.08111748,7.675847746,95.76137936,0.131100249,1320.727298,161.5294488,2386.430606,101.1236448,493.8096239,1081.302888
1,3267.569624,1.456582876,11.24113221,29.92424395,2.437061395,2.739206354,56.54349372,12.74319545,7.139115849,95.82893943,0.116693107,1363.058094,165.2376722,1488.735191,103.3198647,486.13923,952.1722826
7,3345.667026,1.292574766,12.88815977,28.21893772,2.512897996,2.689726988,59.73517994,11.51338846,7.254231384,96.5076594,0.124372948,1321.970679,165.630113,1191.661979,107.8163256,461.5920646,899.850837
7,3092.074107,1.363060422,10.82756659,29.78895986,2.350296605,2.716837454,59.83678089,12.3305842,7.875511227,95.04134274,0.12676008,1302.052081,155.5151481,1663.5498,104.3705152,485.2781356,950.3389014
1,3199.677352,1.378540601,10.1693958,29.98295067,2.353085862,2.561919372,55.91507722,12.60070976,7.182807237,95.53803929,0.133567383,1382.661835,154.0849352,1063.704864,106.2774541,465.3851407,880.0106706
1,3228.80168,1.188925275,11.55736586,28.12303405,2.357416945,2.661630318,55.1101758,12.32532903,7.278439408,96.0351926,0.174939045,1336.55957,150.3351261,2026.939291,106.4745794,462.1087325,1018.280705
1,3307.421606,1.120542416,13.90247854,29.76581254,2.675927917,2.541694496,58.6000402,11.18456958,7.129600651,95.53769348,0.15719122,1335.369669,163.583983,2354.058266,108.4375504,453.6501796,1071.183073
28,3017.441509,1.102522664,11.38793586,29.03215804,2.593159567,2.610201849,57.08994967,12.19264304,7.676108231,96.25686809,0.198624667,1330.247903,151.5313652,2255.894511,103.2492279,487.201429,1037.277992
28,3397.820204,1.12572122,11.10048607,29.81302744,2.364952758,2.592653939,55.44420123,12.09916731,7.943982305,95.96373496,0.141473583,1397.537328,158.415224,1191.05421,106.8729556,485.5500481,927.9669195
28,3187.977806,1.137365899,11.06340392,29.14263788,2.375339634,2.470754858,58.41877053,12.80064254,7.268968032,95.72342051,0.175386507,1317.011542,162.0336433,1189.406706,109.6161581,461.7249739,882.0838928
7,3111.824137,1.103613825,12.57586841,29.32422402,2.59233179,2.554831504,57.72552764,11.80847946,7.475406608,96.89841725,0.187146842,1389.823806,168.7421789,2220.151723,107.3024333,487.4689508,1051.30957
28,3353.397609,1.439110334,14.87770658,29.08755782,2.362465538,2.78552891,59.90258411,11.64216219,7.63433974,96.264319,0.167897849,1377.680333,156.2360427,2386.381412,104.8987048,495.8920442,1102.405852
7,3299.08751,1.378499566,12.29494494,29.72898576,2.393824517,2.499432103,56.13704748,12.49970153,7.999466248,95.25988274,0.141186474,1307.647996,154.9954432,1691.004745,106.3071744,455.4014479,966.5823621
7,3381.228739,1.023448234,12.78652684,29.46781984,2.685338733,2.453521495,57.01988938,11.82535065,7.104808065,96.12018339,0.175359463,1398.67291,163.0832031,1748.456675,107.396829,461.6318319,1001.123204
28,3132.300122,1.134336241,14.30316009,29.04252062,2.40212261,2.567432249,57.71272902,12.29219235,7.4985708,96.56146371,0.120366714,1327.136596,162.3847806,1477.393062,106.1227577,487.5130397,930.1153304
7,3221.105987,1.011092371,12.67534859,29.73632161,2.56465294,2.716135094,58.95849994,12.29290018,7.38512012,96.41697939,0.132755217,1309.858293,156.6421957,2341.397677,100.1667581,463.7253337,1059.517946
28,3228.916988,1.249082593,10.92231436,28.49057106,2.691452515,2.632859292,57.74419328,12.77607813,7.865820165,95.34417846,0.154668526,1382.931423,168.5620367,1967.354358,101.947735,481.2331987,1023.773286
28,3392.132633,1.238105348,11.49797956,28.31468132,2.449718707,2.672389931,58.0645008,12.1973848,7.475967731,96.94484,0.157540939,1370.667553,166.8972465,1432.377366,108.1046822,454.0582112,948.1915855
1,3030.138502,1.415685745,11.54968463,28.32080021,2.307006396,2.475877939,56.13073526,12.00430722,7.110977525,95.89762729,0.102214148,1361.721881,154.4796509,1448.174307,102.7265065,472.610124,920.2072224
28,3122.278808,1.15388862,11.98659058,28.66801776,2.397658916,2.647579277,59.23459364,11.27774265,7.634424145,95.31805001,0.194511419,1315.598086,154.7828509,2336.80011,107.3156212,486.9545711,1055.741597
1,3076.364412,1.408192868,12.13394453,28.47738006,2.632350877,2.529400158,57.14315273,11.23147521,7.770780618,95.36039151,0.169662727,1347.849612,160.2460069,1020.451036,103.7212022,484.3256972,860.0202293
28,3107.389943,1.483986883,13.99891011,29.8601807,2.645843534,2.733721346,55.70479814,11.30864313,7.002881252,95.19646998,0.149570375,1378.055603,165.471442,1484.089859,105.2188433,490.753605,937.8656267
28,3194.11195,1.044204112,11.746935,28.21166819,2.607407746,2.651719522,58.32093957,11.34369696,7.858956685,96.60703622,0.193312723,1330.362394,150.8808076,1831.535022,100.679733,493.8726063,994.205273
1,3149.074747,1.39590892,12.34115914,29.39798148,2.345243928,2.479542511,56.08045227,12.27575419,7.186023,95.24406099,0.143909557,1331.168983,163.8667031,1222.326193,101.8122556,488.6591751,896.3693027
1,3157.876587,1.294977949,13.12487994,28.37844308,2.618204149,2.425846672,55.48781255,12.4819625,7.552069365,95.25025051,0.198043557,1300.314091,162.9647179,1138.148131,109.5719696,483.5793871,875.1432451
28,3337.685256,1.240022984,11.88862974,29.76327427,2.667471119,2.417053284,59.30993454,12.05998305,7.415797501,96.70094323,0.151228476,1317.42434,154.6296019,2222.914497,108.9013805,451.5861246,1051.095857
7,3372.006734,1.210267889,14.18282407,29.92263058,2.540243817,2.548563427,57.30081132,12.65803547,7.719653817,95.68920817,0.111428577,1387.540563,163.6270603,2341.606583,106.5227511,476.7483337,1092.042114
1,3028.166452,1.392334132,12.93726802,28.93094002,2.676350143,2.506340455,58.74641856,12.98252645,7.371161615,95.06171581,0.176480097,1344.174649,168.8036638,2235.409631,104.596446,451.8848862,1025.569463
7,3083.567487,1.319680678,11.4702234,29.75814296,2.630735553,2.658436049,56.4529378,12.64002526,7.869763177,95.1037906,0.167889773,1398.42345,150.9357169,2348.181835,106.7576129,490.4033909,1073.903426
7,3268.457407,1.402522334,13.570296,28.01029034,2.566788607,2.599733534,58.93485067,12.38976475,7.730496361,95.28434089,0.177298672,1339.570796,156.3930411,1829.667957,106.1861029,466.0362262,994.1275814
7,3143.458713,1.451575529,12.63823865,29.63989383,2.530874095,2.506407711,55.55967964,12.0649854,7.647713171,95.4267867,0.195144203,1371.518645,158.7635343,2218.387181,105.6855226,478.1214687,1049.326816
1,3101.66546,1.308631856,12.67227946,28.45725032,2.439429467,2.459695111,56.77986687,11.89770614,7.796240596,96.33029239,0.17764893,1328.191904,167.9852072,1576.063958,100.5917707,463.9722654,936.2195169
7,3118.116235,1.490231363,12.40543974,29.81740262,2.363714978,2.450879905,59.89030909,11.16878476,7.754023035,95.31465256,0.16113366,1336.380964,169.2452289,1999.401792,106.3280261,489.1250072,1009.299614
1,3129.020306,1.304043925,12.48505974,28.00224022,2.541981569,2.745864157,58.96994858,11.7987375,7.035938675,95.23774878,0.18573089,1319.072599,158.8823049,2483.253297,107.6892004,494.3251263,1080.892003
7,3339.467918,1.318322161,13.82678141,29.11236347,2.427244621,2.497391187,57.48627965,12.82026927,7.394734354,96.52943828,0.167324644,1334.706237,165.0005682,1338.591586,109.9408165,469.9321247,926.1916074
28,3054.648533,1.277407804,10.5149074,29.51327161,2.646575467,2.660684259,56.69888736,12.61604526,7.930807297,96.34211057,0.140811906,1354.723752,160.6332205,1584.849619,100.1107855,493.1461197,946.8224495
28,3283.564399,1.045501046,11.67181406,28.51737666,2.697334775,2.724274371,59.3606785,11.43210273,7.125724269,95.87064844,0.188561976,1399.177288,160.7556587,1720.071066,107.3017345,463.3537504,987.7541978
1,3221.127991,1.363198516,10.37751682,28.38626573,2.600971105,2.645632524,57.7242388,11.93321557,7.73709655,96.09861954,0.122190046,1366.420171,155.5619903,1207.023231,105.7178932,476.7330462,905.2762215
28,3118.604057,1.273723153,13.7662311,28.16819645,2.336192678,2.743826093,58.79212509,12.63344641,7.974591811,95.62396804,0.171464127,1319.924595,154.3391249,1121.557916,104.3405218,492.9380715,876.5922742
28,3167.912343,1.225455224,11.36150927,28.65286715,2.415474238,2.556957489,58.7705384,11.13476911,7.052198629,95.96500084,0.188156345,1304.496144,155.7601069,2244.584299,101.2757017,466.2940671,1038.211119
7,3102.482777,1.455235639,14.48715205,29.11968862,2.343643853,2.782488876,55.08972839,11.77478517,7.682193881,96.0133453,0.173131652,1312.635648,161.1265601,2465.191559,104.0908515,497.7021133,1075.042576
1,3244.605484,1.148979726,12.63289233,28.23168771,2.560204659,2.453258002,55.63126891,12.70368247,7.468154141,95.77447454,0.169727542,1356.25552,150.5831037,1607.087596,103.5437718,456.0939751,956.6060059
7,3032.637672,1.261801138,14.00374886,28.75339072,2.606076346,2.440859812,58.29814683,11.80779573,7.579175255,96.81314442,0.175263829,1376.516033,168.1449789,1131.474754,103.0282989,450.9137535,867.9538264
7,3002.073945,1.348820936,14.89465718,28.01814481,2.670269932,2.663476858,55.80809906,11.15522929,7.085341336,95.03212373,0.146505525,1394.041921,153.1256742,1098.717641,107.3087962,495.2067676,877.8014196
7,3251.157766,1.398235888,14.1989443,29.63735884,2.475268939,2.777132457,56.27746672,12.08506874,7.043006952,96.56434253,0.187417068,1301.582317,154.4017735,2336.97731,107.0072552,453.4324333,1058.257565
7,3077.709581,1.229673404,14.3349688,28.25689744,2.66055026,2.723553385,59.73318977,12.72348499,7.666866661,95.24876566,0.120343648,1352.276014,160.3655235,1695.721375,105.8902009,499.5944598,966.7179748
7,3028.376367,1.421045708,12.03992248,28.5666859,2.651156464,2.430566744,57.80091129,12.18057109,7.82330943,96.59509472,0.112738642,1347.086736,164.2022953,1480.040975,109.3866481,497.5698431,926.6502586
7,3158.713531,1.384458871,12.75861298,28.03685544,2.426878287,2.511747086,58.75364753,11.45255822,7.782015335,96.23182383,0.128550878,1365.605502,151.9145811,1714.691907,103.4985438,456.8510455,967.7268615
7,3020.307412,1.033117989,11.26944282,28.86448157,2.64756025,2.772127554,57.78990369,11.76847924,7.543805728,96.68655618,0.15315774,1355.957885,156.353894,1477.456142,102.4380194,476.8792313,922.4054198
1,3354.64686,1.022930633,10.9805655,29.68024301,2.450268901,2.501223373,57.76256807,11.90024672,7.099866821,95.19502865,0.15105618,1368.703915,169.3734921,1733.553663,106.5590331,459.2460149,991.6649143
28,3011.046709,1.310402842,12.5275394,28.78430242,2.41874771,2.71246817,55.47075955,12.15853271,7.688044444,96.11796127,0.182059876,1365.808258,155.2468593,2289.334595,101.9881406,471.4077587,1044.447857
7,3231.545958,1.173706704,12.9752449,28.35899465,2.559629864,2.730052878,56.71831596,12.51870205,7.241888884,96.00217576,0.140456866,1311.701172,156.2610029,1888.452057,103.1501051,453.0712565,990.0806986
7,3175.389649,1.104565396,11.69635623,29.50739767,2.431352491,2.598180841,56.41215449,11.19774724,7.911068703,96.41238637,0.148434443,1379.971791,166.7299698,2041.980659,102.2460244,461.1962294,1021.88815
7,3268.810454,1.289824967,12.84721759,29.57761396,2.552083499,2.554539564,56.95364183,12.77930407,7.83826536,96.0685811,0.101336768,1312.323258,151.0042886,1547.006014,100.6915357,468.1636398,949.4402837
7,3131.261067,1.170781605,14.43730241,28.34750695,2.543932722,2.580049773,58.99172094,11.02461941,7.709382967,96.08146913,0.140973924,1369.853063,159.2922634,2107.758818,108.2749874,471.932375,1026.794514
7,3062.016647,1.268631708,12.78360792,29.54170822,2.525375571,2.490785878,56.85966334,11.74010467,7.948845956,95.85919189,0.164777423,1341.614537,157.5923353,1999.925627,102.5454054,498.8748129,1008.163932
7,3392.736355,1.230059579,13.60406548,29.89459578,2.452167882,2.755756366,57.2584841,11.05484062,7.031421822,95.61766885,0.101550833,1351.385073,156.3317352,1179.342997,104.730275,490.3932823,918.9042954
28,3335.573401,1.292383053,14.02657484,28.33275517,2.519399889,2.580247863,56.98690695,11.78594845,7.736200425,95.96452872,0.128088197,1390.329801,155.7139919,1858.96428,100.4331527,486.8704972,1023.542115
28,3344.161847,1.200150244,14.94364391,29.54196859,2.53859419,2.752983776,55.46703986,12.0516252,7.330242779,95.23698472,0.120795636,1388.988373,151.8274821,1385.115244,106.9933947,476.8520657,948.3817739
7,3100.100544,1.348833787,13.01598701,29.41714401,2.518274755,2.442277392,57.20536079,12.02336277,7.906065886,96.92302668,0.104198543,1381.785631,156.2965166,2206.143504,103.30561,491.999888,1049.198445
28,3015.533894,1.090033636,14.03425074,28.94714778,2.477767781,2.795310108,55.97804637,11.33125669,7.266675197,96.42882153,0.147926009,1351.014838,150.8610481,1638.906563,107.4473673,466.9661418,943.7794821
1,3121.306206,1.348250733,14.81324659,28.11584092,2.305866823,2.577309235,55.93361648,12.29148102,7.724856499,96.90493423,0.118172329,1373.623981,165.6192773,2492.026248,104.1240306,485.4449556,1090.5964
7,3214.832971,1.205830607,14.72204863,28.14938884,2.534824683,2.419132328,55.47018052,11.0895569,7.87764702,95.45345476,0.174308154,1351.289706,157.9645559,1138.750657,101.9575561,499.6891988,898.597821
1,3130.660497,1.437158802,10.70540924,29.70482932,2.367377754,2.415208739,56.78335487,12.52381364,7.041656818,96.75868204,0.184792788,1386.960608,158.8780766,2170.521794,105.1317508,465.7314454,1039.14373
1,3331.147602,1.257618027,12.03196154,29.98029675,2.557030388,2.698482903,58.78740942,12.89328887,7.39764758,96.61757997,0.154558518,1340.277583,167.8718917,2010.5526,101.3050456,483.7008767,1033.497313
7,3108.617166,1.486555175,11.61995031,29.35210451,2.603737731,2.663614214,56.38220845,11.67953765,7.762309032,96.35430482,0.198170734,1397.023534,163.1610997,2151.248246,104.4053916,492.2157432,1043.306109
28,3386.100732,1.300967698,10.43462507,28.89191661,2.500178124,2.720852223,56.56174551,12.03447876,7.45491889,96.25005837,0.145047857,1393.232276,150.1611821,1461.294693,103.1730548,495.7903792,970.4461842
1,3182.906065,1.111924533,13.16620387,29.29514729,2.516945466,2.442147014,58.21337329,11.75782056,7.26725263,95.63309933,0.151336821,1374.160262,168.8634965,1738.081734,109.1195958,485.8966345,983.2360191
7,3336.80923,1.410895318,13.67952307,29.18879172,2.680591424,2.414228347,55.97920406,11.01342078,7.219805349,96.63282157,0.198921775,1327.941588,154.7428893,2194.76278,100.6092872,464.1803962,1053.131361
1,3077.752014,1.172541314,14.24064048,28.76722452,2.638866945,2.603431716,59.48478965,11.77174901,7.131518267,96.00303092,0.123154844,1313.165359,152.1522837,1348.811997,106.9401741,466.3141076,898.5487119
1,3164.541562,1.173809607,10.61388445,28.13125229,2.665694606,2.555038093,57.60095262,12.58344052,7.85712956,95.14178315,0.194254594,1385.470345,165.3625636,1339.049795,101.8275117,451.0379016,912.0951279
1,3279.804884,1.015902341,14.38222038,29.64302589,2.625506515,2.584778775,57.2380147,12.19197768,7.575355403,95.62572632,0.104283756,1316.530229,160.0095463,1826.57643,103.1904507,488.0442989,996.9245926
1,3055.341237,1.274357655,13.21462782,28.74366706,2.343567337,2.796635364,57.78910096,11.20251983,7.076384945,96.8705942,0.144638689,1385.426079,158.6754113,1785.345369,104.1551406,452.1369803,971.5825386
28,3053.098169,1.267211752,13.51973068,29.63757129,2.359596742,2.788299983,55.83017157,12.69427898,7.382580324,96.70136052,0.107000351,1349.076501,154.9900616,1423.393706,109.0801509,493.2326177,921.6887284
1,3387.814747,1.177995742,14.55312002,28.5050175,2.510649519,2.776926156,58.06736569,12.06217069,7.367733651,96.9638114,0.172923474,1340.655678,160.9494298,1447.113476,102.4257827,455.9330307,944.1223235
1,3285.838042,1.447108631,13.12380636,28.00205896,2.398427864,2.713537071,56.81550368,12.68344672,7.181739191,96.25598677,0.160840894,1390.319078,155.4876921,1416.767745,100.913088,458.5938256,942.936212
1,3016.427007,1.064374199,11.67932929,28.31787657,2.49067819,2.541936544,59.4859317,12.16044304,7.435507625,95.49502015,0.170663426,1360.385098,168.0316601,2157.268093,103.186896,473.8263235,1022.446659
28,3159.528361,1.165049757,14.12553666,28.93707883,2.45774613,2.564852372,55.84427103,12.11937689,7.332099365,95.3256301,0.13744804,1357.661401,154.3040896,1977.851298,101.0467597,486.8940208,1015.092183
1,3173.408295,1.160791382,11.81529606,29.88860727,2.519765695,2.619846417,57.53525552,11.21051837,7.341803705,95.37382888,0.136948193,1355.876594,167.687103,2248.625775,101.2859649,456.9501103,1046.120506
1,3297.617057,1.046145293,10.17114055,28.20438724,2.598750286,2.732213783,57.99056315,11.33471947,7.739026558,95.03959132,0.104531928,1337.116952,161.1881085,2463.209542,105.738506,472.0035538,1092.003524
28,3100.344211,1.240572697,14.15327253,29.70841955,2.586196363,2.427485133,55.16691801,12.94405051,7.223263386,95.78136422,0.134994494,1378.56431,166.5697627,1711.246444,100.6090193,474.1425637,969.7200277
28,3073.73347,1.343892359,11.72596072,29.05404819,2.508493653,2.569718754,56.81846562,11.45697349,7.641859959,95.38285536,0.19292884,1325.279844,164.2569199,1100.040822,100.3093088,460.6142821,858.8314857
28,3032.349187,1.255828507,13.86917262,29.65184153,2.628957368,2.433047065,58.66317617,12.95490424,7.570649624,95.82331092,0.137922654,1393.889496,163.9339022,1072.138466,107.144141,455.7779188,862.8265819
1,3171.32579,1.078488841,11.81378947,28.59674886,2.472344837,2.605863035,59.10188754,12.06382541,7.568092512,96.86998886,0.183136771,1389.398521,156.4869162,1443.497559,103.6164709,491.8210461,943.1187986
28,3275.39996,1.188642983,14.3053401,29.67989433,2.658685716,2.75956033,56.56580997,11.27157809,7.663007346,95.86108042,0.18423255,1333.748033,154.6779386,2398.816884,101.2537535,475.1232825,1081.304931
28,3023.277438,1.001297512,11.09755263,29.54564556,2.328512108,2.71299397,58.99296636,11.19860441,7.548382036,96.75596899,0.137324116,1372.946377,154.2177246,1784.819582,102.5361277,450.7190618,965.048331
1,3366.085491,1.434150554,14.87273633,28.46010737,2.681864012,2.491136967,59.83877939,11.41772814,7.879255115,96.21100953,0.163198868,1357.322319,167.1438331,1407.679774,106.4208651,490.1490651,949.9415265
28,3176.940892,1.042258504,13.89879387,28.26267025,2.561877233,2.79039634,59.28436968,12.85127466,7.675580092,95.49426311,0.10953716,1333.76493,166.4085364,1598.750192,102.7553657,499.0396903,958.3788085
1,3095.914944,1.298639041,10.57118963,29.73610865,2.452029804,2.666940159,55.58821994,11.82830045,7.546963251,95.71170952,0.110367858,1398.852165,158.8114706,1897.892661,104.9452113,480.2963098,1003.194341
7,3037.549316,1.493128498,12.8288831,29.92647331,2.378861651,2.40417108,58.69865166,11.79086854,7.82976312,95.16783907,0.104865766,1302.523735,152.6480923,1979.424487,101.2169531,475.1854194,991.2850095
28,3073.146399,1.268295323,14.92683656,28.06260463,2.491673292,2.502165394,56.59833416,11.62641252,7.606146565,95.66692519,0.158101509,1325.264603,157.645045,1230.879265,105.8809364,493.9207932,890.0738316
7,3373.845599,1.46202088,12.35532726,29.46254013,2.377823329,2.50428532,59.94207995,11.2941237,7.291144248,96.35508189,0.142607098,1352.007406,162.3868691,2465.547515,103.1607768,497.6258395,1111.849277
1,3255.308238,1.118058267,10.91053569,29.81904902,2.366532643,2.427701723,57.42679492,11.97570239,7.207094918,95.14422219,0.154803236,1352.1953,159.0880631,1817.15834,106.2696843,487.7268458,999.124041
28,3206.678503,1.379977704,12.42389184,29.71472018,2.546940703,2.783930607,55.61216949,11.26009557,7.152327786,95.41080282,0.152107319,1358.893307,165.6037854,1203.532477,108.0839488,472.2726465,899.3207831
1,3262.844531,1.265632877,12.56228828,29.92904094,2.50923389,2.591302118,58.62592774,12.67096047,7.899455213,95.76288208,0.135020299,1375.167617,169.9524564,2340.45288,106.1164642,479.61107,1079.683228
7,3174.269159,1.360258031,13.70843472,29.52018816,2.568038414,2.758325839,56.61505599,11.74079397,7.710135432,96.96409907,0.167747341,1362.347783,153.8226418,1111.957647,102.9574756,485.0467683,888.0560903
1,3292.015727,1.031170681,13.49422927,28.88459752,2.671842351,2.528886201,59.98539079,11.74960714,7.937378438,96.56972365,0.175850188,1360.028146,159.1930164,2361.60315,102.557437,459.7136786,1076.678763
28,3019.086451,1.073869546,12.01275022,28.62390398,2.512904085,2.450093428,59.89891229,11.94801286,7.603291806,96.46697349,0.101462826,1305.351446,158.619678,2494.848484,103.2742096,472.3600516,1063.603268
28,3226.414884,1.066558464,11.09011554,28.64148548,2.532372821,2.589734444,58.28067009,11.88825543,7.473400881,95.23238191,0.12072423,1337.653029,156.0898507,2050.647699,101.6462051,491.4910632,1029.315848
7,3063.458579,1.343582753,13.22527084,29.44884535,2.335850536,2.445582654,55.64913224,12.98971595,7.059716489,96.56199179,0.171323587,1323.205574,153.9619103,2155.670832,101.8117185,482.7362674,1025.867814
1,3048.065859,1.422220336,12.10851967,29.49167402,2.587054314,2.594406201,58.43430499,12.09076224,7.671642282,96.57053762,0.138662017,1326.537011,151.3138423,1505.954255,107.906911,470.5602034,923.1540382
28,3136.751867,1.374808116,10.66138106,28.40071829,2.459962083,2.768118872,55.46515243,11.17640341,7.58220876,96.20220539,0.166248395,1355.433747,167.7423863,2412.365279,103.8473258,483.1681267,1074.553085
7,3036.719626,1.015236076,14.50286151,29.73624563,2.690690095,2.608307257,55.1468208,12.21375468,7.990208894,96.98072356,0.134696266,1319.950531,158.396974,1794.570949,104.3599518,455.9111206,960.8979285
28,3037.662795,1.433607491,13.45610929,29.42984808,2.629269606,2.646599891,59.11479223,11.30316859,7.239158778,95.65050781,0.139075515,1329.39491,159.9379104,2098.58267,105.9404947,470.0748805,1009.426503
28,3124.565324,1.177073335,13.41591928,29.12550057,2.508992416,2.462655375,56.04876474,11.06187529,7.530737355,96.8825449,0.115867887,1323.708471,168.338841,2386.161574,105.896535,489.6564269,1063.813499
1,3391.804211,1.198581916,14.11291938,28.94306492,2.349289062,2.41749425,56.89513563,12.94148431,7.650957335,96.82946223,0.125823102,1394.850294,165.5258096,2462.769964,100.6737687,461.0254394,1109.756886
28,3070.132108,1.052434583,12.64830839,29.08646561,2.643766317,2.444323185,59.86728695,12.54707778,7.644591175,95.02296132,0.160541176,1394.466573,152.6100253,2249.806535,108.3154079,459.2980754,1045.204034
1,3006.864441,1.368702603,14.07527214,28.31849148,2.619912438,2.63941263,56.68420251,12.96021798,7.561293543,95.90023305,0.143316311,1360.994156,161.3083994,1454.52626,101.7732655,497.540933,925.5297003
28,3305.345769,1.091141939,12.49045377,28.4074025,2.373834052,2.43800468,56.48244891,11.9557569,7.77692801,96.95420847,0.177430268,1392.452247,158.8450455,2449.821275,107.2307164,460.4948815,1097.653636
7,3322.765191,1.281982546,10.335877,28.18232898,2.418111316,2.550397156,59.59104,12.06451506,7.20498121,95.20624272,0.185258495,1378.581265,165.9442215,1942.179297,107.7267099,463.045929,1020.900769
28,3138.521728,1.420354993,12.02624044,28.30731608,2.617362903,2.620036776,55.55374223,11.33667391,7.7256272,96.09556939,0.154164642,1358.994788,164.484651,2395.963715,107.1489953,498.4807969,1078.419707
1,3185.869525,1.044602164,12.48732447,28.90738727,2.374091379,2.555461119,58.79791205,11.49381485,7.619734571,96.95791501,0.175826729,1300.643521,163.8081144,2014.157539,105.7897765,486.7354285,1010.796372
1,3259.909473,1.267667782,13.60101291,29.06070879,2.667100996,2.465473521,59.94032783,12.67709843,7.896075112,96.11099085,0.130690451,1377.251629,156.8108967,1460.858443,100.14609,484.9798267,951.4937656
7,3019.22357,1.116608206,10.53289365,28.03572378,2.46981097,2.509516523,59.50648005,11.71237129,7.847194439,95.37963061,0.141497122,1370.248834,166.0992746,1555.036786,103.6037549,492.6463192,940.7630747
28,3379.658293,1.171463432,10.70009269,29.59359566,2.334815585,2.771327013,58.25833959,12.65362995,7.315147039,96.16436646,0.171277768,1361.525365,151.0478259,1825.707666,106.0483943,455.7911541,1005.995624
28,3354.672155,1.236984971,11.31841901,28.58833595,2.626299457,2.67039291,56.57030397,12.41802745,7.276237325,95.40888115,0.138621199,1376.042431,153.192498,2185.022262,103.874513,485.2978118,1067.673333
7,3104.357449,1.177552152,11.33249197,29.82367207,2.449403873,2.598419135,56.27160991,11.35434185,7.981653324,96.03940853,0.158850494,1351.292216,156.7124655,1476.973827,108.6347989,475.1844305,929.0600112
28,3006.121816,1.32441142,13.66092289,29.93502253,2.510599678,2.405085956,59.09627552,12.01489273,7.527265181,95.14808444,0.118537278,1370.408327,151.5361488,1869.596749,103.0880228,491.457532,988.8850218
28,3373.374523,1.239791051,11.2536533,28.37091775,2.344921738,2.79696616,59.39910957,12.35477464,7.906420964,96.21096534,0.159977131,1393.517209,154.6998856,1518.43749,102.9353479,475.4070859,971.3690679
1,3200.415954,1.292099742,13.16549032,28.92419458,2.301033606,2.668581974,57.62717456,11.47007443,7.163881024,96.03357988,0.186151371,1337.580502,166.6030197,2223.654107,102.6599769,481.0120677,1049.698323
28,3215.750979,1.368411238,12.47136925,28.00246367,2.555194082,2.526768991,56.2216997,12.66137702,7.642818915,96.48032274,0.186863964,1370.812183,168.9650308,1700.092141,103.3278087,473.8871063,975.9655777
28,3273.585508,1.278871133,12.86647189,29.19665453,2.506070068,2.751707464,55.56471604,12.08965532,7.809860187,96.26140094,0.172434441,1347.568782,156.0920471,1115.08424,105.5740496,473.9079462,892.3694911
7,3246.340466,1.293267717,14.19053482,29.2146129,2.537415428,2.503372648,55.43589734,11.3304841,7.94739525,96.09921254,0.174575338,1367.439965,155.2903161,1249.078782,107.0701529,488.3984989,914.3451366
7,3377.556642,1.282229271,12.02190751,28.49507991,2.61749754,2.617606632,58.59538724,12.16596885,7.337340141,96.3795577,0.155792745,1376.289334,155.597853,1091.657001,106.6256792,481.42832,905.8209987
1,3377.700639,1.189386313,13.85455689,29.11682535,2.558642365,2.654428305,57.10059364,12.99942761,7.72498117,95.28788383,0.158466809,1304.54525,155.5543817,1748.954419,108.0771782,481.6631601,991.9974522
28,3346.879573,1.168723417,12.1101803,28.45108028,2.369909377,2.488425349,59.52679937,11.30104298,7.538813009,96.19071932,0.113365058,1364.660044,150.7186036,1159.505946,108.85914,472.5141242,909.3837438
28,3254.561439,1.449823699,11.76935688,28.32165094,2.444309008,2.791358912,58.6983565,12.63351386,7.060628926,95.34422121,0.144385919,1322.674118,168.5383269,1171.209954,108.1607904,476.5554748,891.5532367
28,3320.379718,1.303777611,14.79313589,29.30303893,2.662356442,2.699276762,55.95630209,11.41461801,7.689999737,96.85104442,0.145077628,1367.003254,154.2739628,2411.57239,100.189454,487.2858833,1097.644082
1,3270.867337,1.122176578,10.9218546,28.65185093,2.60797788,2.62312529,58.06888709,12.56477666,7.690096558,95.13666821,0.195849784,1346.833019,158.4000815,2308.982608,107.3591795,491.297046,1076.040613
1,3229.346817,1.249123849,10.4516848,29.18052788,2.522654823,2.472237839,57.17752727,12.46915585,7.930606805,95.8607495,0.143108686,1377.355274,150.1937377,1678.129895,102.0839957,484.8280701,981.4553612
7,3051.400141,1.165174241,13.85492963,28.8664935,2.402257999,2.421543283,57.88624865,11.60097877,7.497312446,96.39159496,0.154934264,1312.340082,167.1591018,2478.707981,101.3292804,496.2036494,1072.142972
1,3324.481671,1.466845912,10.34124853,29.96870281,2.420824201,2.528023933,58.69034562,11.65164624,7.230250921,95.91604442,0.15332514,1362.632235,164.6231469,1000.279792,106.3848878,491.0162044,885.2722753
28,3328.25579,1.003767182,14.18539495,28.29916129,2.592783227,2.701274934,59.03097941,12.58504278,7.044563823,95.18419051,0.163676172,1327.847073,168.9351207,1920.969184,103.197432,478.0931895,1012.478049
28,3250.375868,1.112666399,12.18596698,28.92919719,2.640469704,2.507732519,59.21868663,11.92289102,7.415642187,96.10675803,0.174823283,1385.2982,165.6323096,1924.642266,100.5711716,483.5703036,1020.629382
1,3328.170738,1.18267841,14.57756839,29.36091325,2.568569868,2.615822488,56.26987437,12.46163606,7.3019167,96.28326382,0.122504188,1392.838351,156.2741302,1686.164584,101.3762973,496.3154138,999.4258952
28,3260.593909,1.2439049,13.60766431,28.79109017,2.62381199,2.691178871,55.155578,11.29596829,7.761088306,96.40758462,0.152872442,1399.639829,154.9574672,1595.421959,100.0092942,480.9584022,975.2228306
28,3082.673744,1.425408759,13.05202334,29.9493997,2.606662454,2.443177486,58.69647368,12.70511556,7.354267765,95.74651963,0.182591771,1379.60074,163.9543262,1683.074703,109.0322363,491.2403474,967.3105742
1,3109.584451,1.043943812,14.74653399,29.44377526,2.359881587,2.674119206,55.53171863,12.42176943,7.949071196,96.12731994,0.146311471,1375.373407,157.2822555,1622.440654,100.2461798,484.4405252,959.5018943
1,3085.835648,1.402932443,11.98324687,29.31396772,2.469577925,2.436748355,56.57459794,12.81388562,7.962310203,95.90137295,0.127845755,1321.550076,161.3243003,2095.738716,102.0945577,477.5968181,1014.128761
28,3150.903633,1.027826745,14.77043468,29.51411854,2.36119352,2.786051897,55.01908567,11.26474476,7.62090859,96.34411208,0.165470908,1333.600706,150.1251494,1203.033152,104.1626278,462.0919098,886.1786215
28,3015.585253,1.421157018,10.67500639,29.90529728,2.394094234,2.595357652,58.40834741,12.186029,7.928660287,96.16711393,0.18237674,1346.568254,151.237714,1296.458831,103.5657133,471.299876,891.4705264
28,3247.301554,1.025817739,12.41877471,29.81563731,2.64770385,2.460270443,55.83566006,12.19824117,7.760854345,96.05151244,0.106314029,1377.338105,160.7073588,1270.777343,109.1172588,498.3871412,923.0581991
7,3134.621686,1.009121241,11.34955611,29.44857062,2.489156786,2.536953454,58.27641205,11.70692148,7.546859641,95.49904873,0.177679048,1391.496587,161.3214329,1393.705878,100.4028895,482.8882692,931.2245684
7,3262.289054,1.348480731,12.69921389,29.49832328,2.514143241,2.56536658,59.95871309,11.91693285,7.180307935,95.00403704,0.182164793,1318.91391,165.0290589,1787.887628,105.1221471,478.219769,984.3468183
7,3154.158648,1.498627767,10.81006939,28.29184415,2.371378386,2.703274004,55.36335436,11.07596313,7.458597944,95.34816335,0.146152293,1392.236748,152.6393064,1166.813121,106.8047946,496.6478313,903.5270304
1,3272.645468,1.448305131,14.2076483,28.20558481,2.424908714,2.697369514,55.38539006,12.49172008,7.560874463,95.23413208,0.198330566,1369.562465,160.2636617,2302.253943,109.3169797,479.3255891,1074.889552
7,3136.249828,1.287999209,14.23203925,29.141809,2.392098467,2.644776202,56.70190046,12.09864496,7.863961581,95.89816949,0.178670834,1361.077073,153.8889529,1446.042297,106.2037125,476.3041259,931.2067372
1,3104.277811,1.458697807,14.77618156,28.03673527,2.382474466,2.442372285,59.33193257,11.1154821,7.481333377,96.2245163,0.177366256,1319.984127,151.8639224,1243.806981,108.0375524,487.9655428,893.5003915
1,3198.414982,1.002650003,10.7733607,28.96471276,2.555184317,2.460627749,56.07764934,12.36151179,7.897674673,95.42617002,0.174783857,1305.552503,158.2099159,2013.431964,100.8372494,485.6332809,1012.688748
7,3277.156143,1.487533581,13.11666275,28.42069916,2.402753539,2.437502768,56.8018891,11.93356415,7.674348979,96.87811419,0.11506081,1356.84649,153.266733,1057.129451,103.8593951,459.6580004,881.4768707
7,3139.334642,1.24537439,12.37118654,28.69203314,2.552806194,2.630869113,55.34252703,11.06892252,7.136999063,95.01336426,0.121723089,1365.151568,154.4356396,1929.952847,103.7394713,473.5654137,1003.20069
7,3374.659261,1.361448048,11.72191866,29.55160947,2.323381846,2.750855377,58.81577646,12.93921545,7.994981369,96.54460203,0.146399013,1321.078145,156.3510916,2047.297646,108.8628822,473.6257721,1038.265345
28,3015.674531,1.410430737,11.75770081,29.88247501,2.356709757,2.573520205,57.04153171,12.89822429,7.527232661,96.25040954,0.126400435,1355.645621,155.187768,1322.374797,101.5137117,468.9112258,897.1088141
7,3167.178413,1.359228635,12.06396775,28.14483254,2.409816102,2.46433927,58.79624367,12.02580483,7.391858296,95.7471096,0.141524097,1385.64934,151.7518259,1062.94611,101.5188617,475.8646741,880.8167908
28,3387.032221,1.267518366,13.52462775,29.06848441,2.538818767,2.62321693,59.51803922,11.18734484,7.659113764,95.10097789,0.188846411,1383.506595,151.7983249,1545.468038,103.2855815,470.6553699,974.2153763
1,3219.188753,1.238309742,12.99143029,29.76506697,2.570336498,2.724700887,56.16381574,12.50924244,7.108893314,96.25497314,0.182432689,1392.735518,153.8649883,1147.891345,100.5446605,459.9672745,896.3328618
28,3169.388377,1.419291279,12.29840756,28.16501707,2.477086787,2.696684825,59.03698015,11.9838622,7.636538647,95.77122703,0.163003988,1336.588581,151.0111838,1174.716775,101.8245804,470.6183244,886.2886525
7,3227.408113,1.10253878,10.37966705,29.64902809,2.478316366,2.752580312,55.29546945,11.60489496,7.498236,96.87253428,0.185812039,1331.804957,162.5291404,1381.391847,109.6520964,453.6138474,915.2611629
1,3230.36983,1.483997033,10.38882672,28.7156027,2.589806741,2.511160839,59.49423694,11.98283636,7.40667407,96.08398015,0.178377239,1374.942601,155.7465343,1443.201887,104.2818394,478.7892931,944.2007619
1,3292.659102,1.355476239,10.01169695,28.6441894,2.306328437,2.477581547,58.25384274,12.04488829,7.953020021,96.87930302,0.142898493,1343.111241,155.5949194,1794.955512,106.3201921,492.6827274,998.3142344
1,3051.075892,1.099753464,14.83849694,29.95493277,2.43643601,2.751926594,59.37113362,12.1254234,7.522539717,95.44096739,0.120106515,1308.754866,156.6399659,2017.587828,107.2611126,486.2643542,1000.65642
28,3100.00658,1.368123592,10.02626909,28.40171818,2.627482823,2.663024125,55.000942,11.88244743,7.219117479,96.45145182,0.151420104,1328.280113,163.2559255,1889.156411,103.6696141,468.019702,984.4468813
7,3232.217605,1.264920012,10.51546873,29.38638788,2.541287764,2.524371572,55.84540535,12.21151061,7.458963479,96.23449804,0.173622888,1341.858229,167.4126776,1222.540506,101.4722707,454.3535603,896.5941315
1,3346.846643,1.353615048,11.57298278,29.64288146,2.434890853,2.69693922,56.94879694,12.83746942,7.919387405,96.47881646,0.14364196,1329.251643,165.1817387,1258.129049,102.0658102,460.10747,911.3705401
1,3224.746677,1.383889751,14.03715126,28.08236699,2.662209917,2.726047354,56.89751452,11.72453617,7.176095471,95.42933573,0.166677191,1333.220557,164.5505846,2318.153875,103.1326648,477.274517,1063.759646
1,3095.438744,1.04364509,14.81049393,29.34077092,2.609049091,2.645991296,56.13365191,12.45143293,7.213957039,96.32998903,0.109432743,1329.377591,159.6878237,1837.528473,106.3606842,460.3528542,973.4781839
28,3271.937912,1.253051978,13.95006779,29.90309995,2.405958179,2.675153644,56.9080597,12.78890511,7.013029568,95.99608079,0.174800474,1304.149917,163.8761111,2304.906749,103.9828055,477.1986556,1060.086479
28,3295.963504,1.466007171,13.45280116,28.24843993,2.558115935,2.550103962,55.64424356,11.91195855,7.014190049,96.48564995,0.181271362,1363.70947,161.0552474,1557.319767,100.068147,461.5799512,959.5197505
7,3095.294461,1.160321096,12.60650334,29.79244261,2.538300291,2.615478267,57.06380565,11.88691167,7.829391627,95.65408929,0.170683786,1359.729242,154.3250106,1921.600011,105.2340719,492.4461935,1002.876087
28,3151.091554,1.296941549,10.43352606,29.18955327,2.460475166,2.609663668,59.01177165,12.20423397,7.732122607,96.78011405,0.196726359,1365.33835,154.1717674,1785.495124,109.2151339,469.8635736,982.9518295
1,3213.730989,1.184615241,14.79085397,29.23320916,2.446782432,2.739219116,57.39535032,12.18281352,7.355041056,95.16860263,0.182665206,1319.23099,155.9278401,1478.685235,108.1207761,462.2775313,929.7959788
7,3198.624476,1.227133986,13.79196207,29.22588835,2.43742419,2.735985592,55.09000044,12.61317868,7.698311157,96.61437864,0.190309373,1329.565454,168.2160534,1704.873058,108.2521137,490.616309,973.5397269
1,3155.847234,1.274301559,13.19474693,28.59767177,2.546862313,2.733072188,57.10722021,11.95296677,7.395205926,96.72263925,0.193357108,1361.961593,160.9482968,1753.736315,107.9505802,467.1419482,976.2742024
1,3119.05407,1.27446099,13.79517923,29.87040363,2.476963975,2.404412646,55.13587508,12.9922459,7.952896796,96.63450462,0.180134799,1359.962757,164.6781075,1301.156462,103.2373083,455.5743844,900.691561
28,3039.993955,1.100865231,13.62051665,29.89470093,2.632745245,2.699818194,59.83121705,11.11894314,7.967052681,96.02545279,0.167425884,1350.633031,156.9311752,1472.515559,107.6519383,478.5204746,921.0220495
7,3021.394119,1.342285774,13.1861579,29.25060932,2.567841046,2.703470556,55.6372698,11.0063357,7.392793776,95.87676996,0.100571858,1335.041325,158.1543154,2187.114626,101.4316136,479.0782102,1025.384008
28,3383.416599,1.043934056,14.902884,29.56684545,2.327972642,2.671351529,58.53844163,12.28039662,7.854221906,96.99252457,0.146582575,1391.2931,152.5113116,2373.682359,106.5771615,485.7347838,1105.596541
28,3338.857258,1.069412387,14.51681906,29.22451597,2.55606729,2.702505863,59.86388161,11.59686982,7.773089042,95.4583439,0.15711623,1333.977024,153.4258992,1539.69114,106.4156857,462.0109717,955.6398068
7,3141.962076,1.00135545,13.2333246,28.9687969,2.408458975,2.736788149,59.13019526,11.48076478,7.309999937,96.09375193,0.130403027,1345.561916,166.5471311,1460.458423,100.255698,472.188567,928.8843117
1,3382.720354,1.058348032,13.46587606,29.32164024,2.537124797,2.588127622,58.49657688,11.62379816,7.232039829,96.34135105,0.131810445,1367.811383,161.6967726,1292.795747,107.8797013,464.118396,928.8787232
1,3270.707962,1.236583101,10.25797903,29.10600291,2.572052772,2.600820085,59.19730455,11.51209513,7.45823465,96.40173527,0.196115942,1354.302143,156.7506493,2017.736753,109.0324811,454.0476868,1020.655383
7,3193.00838,1.303050941,13.34958732,29.19495173,2.392331676,2.449885623,59.90899347,11.0615801,7.781348841,95.40804933,0.189171087,1334.688598,166.0570242,1484.649552,102.6741528,493.8306914,939.1910978
1,3197.210263,1.397144725,10.22082719,29.56766511,2.482743458,2.554150353,58.10672249,12.94306608,7.960167785,96.30798818,0.184917901,1343.564479,154.9303981,2481.624309,108.1239072,486.4434902,1092.385751
7,3033.313764,1.053349625,12.94131878,28.96180766,2.376129945,2.657346072,57.79592403,11.44149098,7.763579069,96.63673913,0.14060118,1379.448082,169.520654,1488.527203,100.8240597,465.073153,926.9681309
7,3036.681659,1.42536373,14.9967675,28.08150821,2.32093555,2.71215991,58.14119055,12.46805953,7.855206985,95.10003715,0.101369855,1327.812916,156.8963522,1591.20407,105.9996786,479.9686496,935.7498443
28,3240.97637,1.372987263,12.77903291,28.32799896,2.451390569,2.486883639,57.66337943,12.52519279,7.603064306,96.82304259,0.108022225,1314.225524,156.7462191,1905.001294,104.8564687,460.0631894,995.2083415
7,3221.481221,1.204259146,12.36605059,28.87721443,2.445177709,2.45512916,58.17544553,12.8585148,7.835407831,95.05900811,0.131219637,1331.31632,156.2382381,2202.52644,105.4592353,494.5118311,1051.953362
28,3085.091158,1.466469034,11.56427428,29.44965312,2.698192196,2.665216802,57.24921104,11.06109891,7.784420858,95.71194206,0.101574291,1384.953422,152.4422303,1704.277998,109.262052,455.7453172,962.9900116
1,3378.477817,1.495464738,10.60261289,29.1865573,2.47854094,2.400751953,56.09221591,12.74409668,7.376985542,95.03162639,0.101714978,1308.898971,152.2227429,1633.984051,108.7131525,450.1918573,964.3588202
1,3312.51842,1.102500905,13.65511836,29.30058837,2.43342782,2.471349034,55.60123613,12.05445236,7.551990302,95.15429034,0.19166033,1399.169607,162.9621007,2493.45675,107.8508366,475.1004099,1112.857103
1,3045.385841,1.189614292,10.96299514,28.95855786,2.532190003,2.411628552,55.34170468,12.26508822,7.804753122,96.82233657,0.17061585,1354.10029,167.5023609,1015.740462,102.7369846,479.1563912,855.5595816
1,3372.371642,1.463224712,10.57641011,29.23148404,2.335506958,2.466754047,56.31657892,12.28894055,7.046056734,95.70972166,0.130895599,1398.484574,165.8104102,2342.597933,109.1181863,478.948266,1092.969126
28,3389.699283,1.360798275,12.1088133,28.65803488,2.684666294,2.472527712,55.23061782,12.63959561,7.808079282,95.84954306,0.113264458,1393.899642,152.8221519,1223.711239,100.9750769,452.7255964,923.343156
1,3398.372497,1.024047322,13.97670919,28.94036519,2.553984018,2.555069438,57.8358539,11.66681464,7.177888124,95.43068876,0.151163572,1345.281371,160.9116424,2178.887914,108.5332922,465.7021903,1060.462749
7,3022.348462,1.390757241,13.72532274,29.48855813,2.601935128,2.56093085,56.41914224,12.46610238,7.514683617,96.19419154,0.100534616,1319.849107,152.1118309,1926.89734,103.2816007,474.9599473,982.3404458
7,3294.814223,1.413970444,10.27441307,29.74366556,2.368191175,2.749704988,59.12267404,12.05715622,7.80827544,96.18960643,0.193841374,1316.488478,150.9058929,1512.770928,100.5377231,460.8289593,944.2921201
7,3218.366308,1.375250962,12.27571843,28.86731067,2.463791141,2.604043885,55.37120436,12.58678803,7.253821078,95.74440078,0.141481512,1323.998936,163.1277172,2310.812433,106.6935698,493.6312943,1067.346802
28,3282.332594,1.399768565,12.61217288,28.08732332,2.469075645,2.689361906,56.13175747,12.98109207,7.245807439,95.66606974,0.140233496,1371.013264,160.7030467,1019.360842,102.3127993,454.3554645,876.4608377
1,3387.460778,1.412566338,13.22273325,28.32334509,2.628722578,2.441654943,58.65123074,11.40130203,7.402764398,96.76992862,0.139059361,1327.294999,151.6404737,1340.035978,102.4357113,474.3692221,933.7090124
1,3275.212004,1.093202493,13.25083675,28.04172228,2.300494672,2.490175502,57.99404148,12.98929728,7.894642798,95.76656848,0.106932833,1334.142527,150.6987849,1850.339194,103.0604717,484.5708029,1002.569347
1,3334.78555,1.117845873,11.82348625,29.30652604,2.420341243,2.681177376,55.32245636,11.17962431,7.000442781,95.98700198,0.163832224,1344.87788,169.7951283,1527.31339,100.6368477,463.087555,954.3192369
28,3346.747482,1.316879282,12.80338597,28.66462925,2.69249455,2.421121584,59.38619729,11.0046351,7.901383097,95.56660952,0.173300362,1391.323268,150.6004266,1915.566243,101.7712714,481.2120368,1029.824708
7,3335.392306,1.453933065,12.40530942,29.08495727,2.489954617,2.594639065,59.38630881,11.08832387,7.153807025,96.57353901,0.16761254,1318.939342,158.8905651,1036.16529,100.0513963,491.4692575,884.4368435
7,3170.43659,1.158098291,14.42499178,28.98655369,2.453010512,2.639747586,56.65204002,11.68356481,7.990086376,95.79489631,0.113843549,1300.502655,160.0923805,1174.688396,104.4540952,459.5168488,875.7942627
1,3089.030567,1.294153338,12.65132566,28.16305298,2.347931601,2.640858258,56.70202922,12.26581266,7.954846993,96.02722209,0.157884017,1306.009641,152.345603,1190.64436,100.8425538,495.8610296,881.4724911
7,3158.660641,1.341491032,12.20516081,28.80652272,2.689665851,2.409173125,59.94514179,11.13805908,7.49467519,95.50671434,0.156948448,1390.476634,153.3812356,1283.925469,106.8265261,477.6779266,914.0666857
7,3356.758764,1.225974301,12.02242725,28.44112225,2.308010542,2.528843202,58.13088086,11.01133163,7.512720248,96.97531918,0.186841079,1364.751646,157.0361001,1688.997161,102.3562285,464.9616002,987.3184224
28,3058.641929,1.356891227,12.8621388,28.83679958,2.59487209,2.65459626,57.6565826,12.87418206,7.48154934,95.58299148,0.137912766,1327.304062,165.2335175,2128.193049,109.4357414,471.5429138,1014.765841
28,3205.330467,1.449833723,14.0198849,28.40715656,2.607439922,2.459599894,59.19076092,12.64385327,7.635443646,96.54148506,0.137148594,1317.71925,160.1416485,2358.308257,108.7125163,465.6095942,1060.423705
28,3093.291229,1.312050772,12.69200745,29.68090481,2.397462686,2.678166259,56.42645169,12.61836634,7.090721702,95.8549913,0.161852706,1329.426674,162.7580375,2253.058795,102.8944089,486.255558,1043.904578
28,3232.522167,1.269890531,13.30827588,28.34838667,2.568623377,2.698370084,57.14591297,12.76884855,7.032617948,95.41243481,0.163307265,1311.479693,169.7034911,1295.331808,107.8321545,489.8150332,910.1589121
1,3345.255409,1.219372338,13.68927883,29.9215611,2.337171658,2.792787676,56.33888338,12.40006855,7.057702928,96.59943753,0.146928523,1394.153291,165.3601087,1661.725828,108.032449,491.6468696,994.5351202
28,3352.143987,1.288743135,12.60084055,28.83181473,2.402818907,2.483936798,58.94580423,11.20880826,7.444365349,95.66721358,0.144305936,1378.420617,158.68723,1299.117397,109.8656311,499.2884125,939.2777183
7,3094.674077,1.177681226,12.13408528,29.69249058,2.615160795,2.730052267,57.86674673,11.79820038,7.275547939,96.73038669,0.149414767,1346.239118,158.9288384,1396.707725,105.9783999,489.5642146,919.6771955
1,3363.077483,1.195741055,14.38332689,29.25752964,2.645874477,2.608118631,58.29412535,12.44629897,7.622039562,96.83051437,0.18610453,1386.496261,162.3754415,1755.320472,100.8196573,480.0692035,1005.424175
7,3236.755496,1.26592874,12.08753042,29.4707006,2.543394565,2.549385038,56.26153625,11.56066892,7.992442289,96.71964767,0.14611669,1324.94582,163.3073042,1102.163537,106.4683723,466.9610149,876.9009351
7,3140.087299,1.033309556,12.30971425,29.53544778,2.502735373,2.448950703,56.10112651,12.37481273,7.386323173,95.07001583,0.193993179,1371.712057,160.0142185,1327.261494,106.2497975,477.2297724,915.3190561
7,3283.272478,1.114512695,14.95170657,29.00968976,2.363721608,2.694202243,57.44187314,11.0489969,7.573841254,96.57474669,0.150400376,1385.61325,162.8972245,2403.067242,106.3835058,452.0534086,1086.219952
28,3192.666795,1.271424655,10.00118762,29.08660105,2.325243613,2.49434304,58.68782875,11.61227468,7.415603896,95.82267893,0.194920069,1335.676871,150.4706499,1699.174439,103.0714565,487.2412538,973.3631184
28,3151.195036,1.215764072,10.92736455,29.02799174,2.347059611,2.548568801,57.62619879,12.09826067,7.847271668,96.74744584,0.18328319,1375.746445,158.5924573,1668.079789,108.5967959,472.2977773,964.6684666
1,3282.033746,1.166407893,11.91981945,29.17611676,2.39094292,2.425016891,55.16322839,12.26417966,7.902236403,96.27590853,0.136243132,1329.507235,155.5787615,1021.850732,109.5947218,451.0011615,867.6843136
1,3099.489662,1.365274568,14.66294955,28.05878889,2.436669801,2.720546766,59.34275753,12.15408133,7.877355612,96.66728627,0.186364142,1329.885714,152.5834889,1371.099621,102.1771251,453.1253471,901.9335518
28,3132.101012,1.346858804,10.35014853,28.79103034,2.45236381,2.70663541,55.32343447,12.39551255,7.974372239,95.99886354,0.111006328,1310.705718,151.9909303,2299.438654,100.8815216,469.3733232,1048.305457
7,3173.780738,1.08336538,10.04742717,29.21237743,2.438528707,2.693446332,59.77912242,11.0121775,7.027519185,96.07005101,0.192504718,1344.005805,162.0638433,1246.942642,101.9453503,479.171076,901.4224933
1,3101.47287,1.439314558,10.26341918,29.19544713,2.395622133,2.519777404,55.12570979,11.2018824,7.839816162,95.28877526,0.163164352,1372.971191,160.4720109,1622.687409,108.2055214,473.2101974,955.1042321
28,3162.080835,1.247711813,10.44271705,29.58591219,2.503889699,2.46939203,58.47225228,12.7378885,7.751772173,96.56797472,0.105439075,1394.022081,155.0716823,1021.496359,106.7664463,480.9602159,877.5417848
28,3228.58921,1.370730456,10.18798387,29.31001868,2.630114443,2.655021306,55.41103532,12.36349729,7.228694409,95.83877922,0.164425672,1360.379699,159.4190012,1717.503223,106.3604734,474.0147129,979.2104041
28,3296.389544,1.286575425,12.39890663,29.98426663,2.411881415,2.598466554,59.5533829,11.22586329,7.956320093,96.00016024,0.197424765,1386.313554,159.8446463,1031.53166,104.0179314,483.0851923,892.7524496
7,3306.877941,1.498846308,12.90378604,28.56770906,2.676954808,2.471300987,57.32216618,12.68414887,7.148177928,96.57019543,0.106980065,1382.249465,153.9001796,2229.41433,105.7782797,460.9563032,1065.68587
28,3329.116141,1.37620156,11.35843486,28.71830206,2.649334665,2.674364508,55.68761887,11.48446244,7.679549927,96.1976908,0.155468771,1317.334305,163.0418612,2237.280651,103.0787413,455.6421594,1052.957876
28,3297.684663,1.353490231,11.99143692,28.7676943,2.364705685,2.796450573,56.7040785,11.95651977,7.224890217,95.40219745,0.174779435,1348.581743,165.6183871,2181.613282,104.7720008,479.8216977,1054.386156
28,3272.415771,1.38928597,10.45849668,28.93162561,2.614510383,2.698887835,55.82412338,11.29039303,7.431380649,96.18046532,0.181025859,1311.692354,165.8292708,1425.046103,107.9306303,474.2344758,927.2350817
28,3095.002589,1.071563993,11.68185232,29.67199613,2.529834953,2.695994555,55.85290956,12.42022011,7.719159897,95.81526572,0.141382747,1368.215316,162.0493966,2255.855827,109.812416,451.3433827,1041.506384
1,3160.089157,1.102272297,12.61259596,28.47158419,2.526630145,2.780125101,59.7405416,12.33370884,7.563324642,95.93905108,0.120416656,1394.989967,160.2327717,1814.497199,109.3248892,469.0240943,991.6786965
1,3191.085956,1.357032041,13.66135904,29.55200041,2.456417105,2.481174547,57.22623056,11.42222494,7.427501831,95.05662255,0.104234228,1313.708946,151.2201429,1560.712163,109.3386594,455.3062793,938.18338
28,3033.156529,1.246990744,10.01673181,28.81062037,2.5004612,2.626219986,58.94401132,12.72680153,7.326338431,95.4200587,0.157972616,1373.388313,155.756626,1937.99494,104.0222373,476.5678416,997.490679
7,3211.348049,1.377317646,12.33655383,29.20371077,2.458871511,2.791858686,58.19802781,11.80261205,7.839659656,95.56207616,0.145291107,1363.223815,151.8654289,1018.511569,104.6878988,469.788884,874.1431298
1,3174.534333,1.051458015,11.48501438,29.26508107,2.515893048,2.466117644,58.38213181,11.58503018,7.14381435,96.42592002,0.19487444,1358.360504,169.2764632,1214.441316,107.056354,480.6575956,898.9784981
28,3320.8437,1.268240676,14.26410911,28.74569727,2.551180021,2.680100784,55.65846719,11.30465918,7.430102877,95.02298495,0.106060491,1339.012023,152.7016029,2113.440307,109.2219193,490.2801109,1047.749007
1,3391.160268,1.189410783,13.57776658,29.02523041,2.569721523,2.634324058,56.17092223,11.53233603,7.903757572,95.81755452,0.168539534,1335.513165,153.0355082,1366.242413,101.4199426,464.9834342,934.1637037
1,3222.402015,1.22850011,12.94554267,28.82606235,2.512992477,2.634591637,58.93375168,11.04405384,7.84584955,96.84805374,0.102496622,1304.524919,167.7915324,1897.013676,103.0424186,498.1051052,999.8603947
7,3129.074555,1.301978936,11.38632823,28.13826557,2.588568827,2.679068251,59.85383103,12.16651498,7.400941762,95.22376123,0.117143418,1321.790871,168.8785657,1577.653904,101.3924684,476.781725,941.8972463
28,3017.360313,1.251144174,14.55169551,28.87433078,2.35651122,2.771846769,56.31337821,12.68446149,7.763108364,96.03284878,0.1453579,1301.517688,165.3165808,2282.208668,106.1200853,480.9145399,1034.70047
28,3369.857332,1.269930319,10.22550339,28.19478679,2.384792996,2.713032776,56.35784382,12.0979609,7.823160831,96.57304476,0.145487244,1358.141711,150.1080985,2428.622959,103.06301,484.0336187,1103.313103
7,3367.646286,1.243178741,10.54733799,28.8100416,2.627494002,2.422454441,57.36448566,11.43854792,7.888887424,96.88506262,0.168570054,1310.585324,150.0269254,2325.347093,103.2610785,483.3365765,1076.553948
7,3101.196067,1.204477589,11.9581507,29.1858368,2.429011191,2.741091208,59.91920156,11.06733836,7.544505769,96.49355328,0.191021303,1387.301939,157.5620154,1405.929992,100.7091596,475.5485372,925.3210154
28,3278.164449,1.38594099,10.62218779,29.1588298,2.30915753,2.490216532,56.34479473,11.42925615,7.204460886,96.4411311,0.163903216,1352.314302,152.8679074,1291.244304,103.4979606,471.4382146,919.6479009
28,3030.173819,1.006101536,14.78207849,29.32524256,2.36151646,2.550765666,57.03485955,11.83224286,7.255309077,96.65297618,0.19535351,1369.968991,150.3677228,1711.65234,108.6249651,452.6890982,954.2136337
7,3066.486173,1.299221351,13.98994661,28.19052302,2.389445774,2.584693125,59.45740008,12.51922286,7.295694674,95.89240244,0.188161564,1341.085709,159.2813338,1011.001226,102.3307281,451.1042923,847.1082534
1,3086.723643,1.282754174,11.29491326,29.30424649,2.682929155,2.5923624,55.01460516,11.37568571,7.593802481,96.61168907,0.15844998,1356.057981,168.8612379,1038.714089,106.9518747,467.8980597,859.5627097
1,3117.797579,1.358089537,12.94277114,28.62429611,2.529216572,2.57407216,55.19882982,12.43958291,7.032809624,95.01592881,0.183379195,1394.265918,156.4763915,1829.935959,106.2962834,466.6830445,990.6659109
7,3398.33255,1.299514682,14.91165258,28.79809189,2.673092296,2.774941318,58.02035839,12.73386694,7.636042469,96.84912211,0.164257761,1308.273404,163.2228136,1780.674106,108.6348461,469.3847577,995.1713196
1,3278.770022,1.413399414,14.42099489,29.71597251,2.53006534,2.682407603,59.53690082,11.9078937,7.364354238,95.88661302,0.107855783,1325.393777,163.0447071,2491.872984,101.3228795,456.91841,1089.096874
7,3153.680733,1.479537397,13.00399223,28.01806081,2.491741776,2.652468258,56.1942833,12.64286398,7.295241802,96.10676038,0.174056472,1377.998833,155.0216021,1302.762753,109.7758996,486.9084135,916.9812158
1,3294.840282,1.171262129,14.51861984,29.17682527,2.425491076,2.419936811,57.34820887,12.1093147,7.879496571,95.5097645,0.109490844,1309.873721,163.008505,1387.155894,105.8262865,492.8482207,933.7447289
1,3366.101737,1.113675492,14.94592455,29.19742796,2.542548378,2.761565332,57.25232651,12.27418167,7.460002396,96.48506167,0.159408278,1307.56611,154.2466795,1170.310963,109.9547415,496.9357318,907.9161274
28,3383.480963,1.211798431,13.71676411,28.79331955,2.35567921,2.763756077,57.36485673,12.05255692,7.095053046,95.15327161,0.170264021,1336.15414,152.4401483,2376.314514,109.1151473,474.6181152,1088.52465
28,3023.145559,1.143964808,10.32493205,28.47405571,2.659304651,2.712085225,58.11259848,11.92634543,7.826746768,96.74527161,0.106652761,1309.216796,164.0276657,2166.716867,102.2151727,485.043285,1019.415706
1,3157.808719,1.307475132,12.00790118,28.46934808,2.631732962,2.402811682,57.34871881,11.46930688,7.047641257,96.65623366,0.123079465,1358.507844,152.2688163,2233.508667,100.5616201,492.7775562,1055.981595
1,3042.702426,1.455926204,14.18912868,29.76741934,2.427012579,2.4229121,57.23734071,11.60638812,7.726749224,95.43212023,0.191567223,1322.627525,169.9381844,2354.145682,102.5563909,470.9145556,1046.912789
28,3134.264026,1.069558097,11.15284598,28.88404875,2.681119011,2.490089481,57.3714421,11.57994024,7.773906222,96.6186488,0.161631449,1389.569796,153.669048,1787.34998,105.2756365,465.4706397,983.4551936
28,3067.871962,1.050397302,14.15321259,28.66177873,2.630080307,2.452539763,57.95433721,12.12657786,7.352602606,96.57271547,0.124628602,1378.350008,161.8828373,1676.789787,101.7159637,496.8362278,967.2686593
28,3258.739345,1.128007766,10.60169381,28.89755515,2.566522754,2.559534412,57.68503744,11.23990739,7.824787856,96.2644332,0.169067977,1369.970521,158.2274914,1495.58721,101.6745974,475.7838276,951.1365875
7,3155.307354,1.363047793,10.23472679,29.3387808,2.348704764,2.769049223,59.27067999,12.83358338,7.515659406,95.74704035,0.159677642,1361.694403,152.5277284,1883.821922,104.6259355,474.8626943,998.06722
1,3091.757898,1.296481453,11.92045306,28.29151314,2.491293609,2.588824174,55.24748427,12.44131029,7.463293653,95.54299751,0.15015757,1386.346573,150.5568782,1681.417595,100.3326797,458.9208048,961.4054217
28,3106.37517,1.051106332,10.18365969,28.89886767,2.502443022,2.405361051,59.16658536,11.80289126,7.045403281,95.46356718,0.197618697,1322.306206,162.4546456,1677.34838,101.2188808,455.4077507,948.0409326
1,3144.138038,1.459375261,14.78635131,29.17576874,2.393020543,2.513098276,59.21962306,11.31724829,7.290029194,95.63721793,0.168345378,1387.310884,166.1351513,2405.391796,104.1586134,492.1053431,1084.46174
7,3103.979945,1.395042319,14.13102848,29.89716671,2.331986158,2.417837963,56.42454011,12.76398434,7.931009971,96.80711689,0.137544111,1378.94923,166.8403132,2476.047271,100.6312991,480.7066588,1086.975785
7,3181.296339,1.011511302,14.00384844,28.50505556,2.610689452,2.414515049,57.31425978,12.64755618,7.391823963,95.15528155,0.180007343,1374.816083,159.6542695,2194.726584,103.9675506,466.2912292,1046.931923
28,3012.92638,1.325683605,13.14888961,28.7185015,2.348814021,2.510287941,57.19269244,12.44344311,7.546700521,96.65774255,0.188458329,1356.125568,165.5491093,2135.137135,104.7400627,459.5868109,1014.468565
7,3111.905403,1.385623334,11.08162012,28.75871718,2.5377163,2.510244935,56.09254917,11.54309409,7.532021679,95.69778015,0.112522056,1324.624416,163.4569427,2020.837243,104.5126661,477.774864,1008.016851
1,3164.482688,1.187217685,12.59130183,29.21107632,2.67457967,2.714850641,56.98398424,11.80489327,7.59043109,96.04319879,0.120055298,1342.354792,164.4850905,1249.112279,108.6917486,479.1959645,899.842116
28,3241.112753,1.03446077,12.98637036,28.71346411,2.650442077,2.789933861,55.22193886,11.2054965,7.061330956,96.58897127,0.121622701,1379.357065,159.8519801,1088.658731,105.3006246,460.3496801,886.8725285
1,3108.383057,1.038660533,12.6251575,29.06702385,2.411101049,2.548482838,56.38911036,11.37807905,7.362176255,96.76875309,0.169121181,1303.177848,162.6682348,2036.089473,104.6798046,492.5702874,1007.793059
1,3053.27405,1.052123483,11.30116684,29.56358066,2.640579455,2.571554752,59.08341088,12.56603327,7.723128274,95.68956284,0.160303956,1378.205077,166.1105183,2093.179333,104.1070925,454.2132183,1016.032501
7,3030.480152,1.420219816,12.57623962,29.41077119,2.300133002,2.737915775,56.42281151,12.43007744,7.200560251,95.92368696,0.161899156,1324.007074,157.9576835,1070.459487,108.1762338,467.8046543,852.6506426
7,3376.212731,1.455343099,12.4559317,28.89273729,2.307075124,2.507255608,59.09103334,12.18697153,7.203578378,95.82903213,0.19407733,1314.43092,166.119578,2392.077625,108.950566,484.0192207,1087.325622
7,3166.655623,1.061405391,14.98167888,29.72843236,2.541021266,2.462552722,57.65799732,12.79145345,7.010090607,95.02650207,0.177591153,1311.570132,161.8403369,1136.710959,108.5324247,463.7060182,872.6925016
7,3232.465048,1.117953017,14.48718074,29.1162805,2.445919288,2.741235849,59.39931339,12.16653304,7.437481927,95.59188578,0.112793692,1302.725001,153.3180205,1428.850801,106.7354658,491.3837597,930.2028089
7,3367.670621,1.082760255,12.31690374,29.07981168,2.454584336,2.418600235,57.87389777,11.933936,7.882734381,95.91837847,0.134750708,1352.358649,150.4936831,2008.584719,101.3736175,486.9933913,1040.046327
